name,label,side,x_center_mm,y_center_mm,width_mm,height_mm,Y_from_mm,Y_to_mm
USB_C,USB-C mid-mount,edge,0.0,-3.25,9.0,7.5,5.1,8.3
HDMI_A,HDMI Type A mid-mount,edge,-22.5,-5.65,15.0,11.9,3.9,9.9
microSD,microSD push-push,front,22.0,-7.55,12.0,11.5,4.1,5.9
ESP32_C3,ESP32-C3-MINI-1 (антенна к X+),front,32.3,-28.6,16.6,13.2,3.5,5.9
PMIC,Зарядка + boost 5 В + fuel gauge,front,-25.0,-27.0,26.0,14.0,4.5,5.9
SW_Up,"Кнопка крестовина вверх, тактовая ≤2.4 мм",front,-25.5,-57.0,4.0,4.0,3.5,5.9
SW_Down,"Кнопка крестовина вниз, тактовая ≤2.4 мм",front,-25.5,-43.0,4.0,4.0,3.5,5.9
SW_Left,"Кнопка крестовина влево, тактовая ≤2.4 мм",front,-32.5,-50.0,4.0,4.0,3.5,5.9
SW_Right,"Кнопка крестовина вправо, тактовая ≤2.4 мм",front,-18.5,-50.0,4.0,4.0,3.5,5.9
SW_F1,"Кнопка F1, тактовая ≤2.4 мм",front,23.5,-59.0,4.0,4.0,3.5,5.9
SW_F2,"Кнопка F2, тактовая ≤2.4 мм",front,32.5,-50.0,4.0,4.0,3.5,5.9
SW_F3,"Кнопка F3, тактовая ≤2.4 мм",front,23.5,-41.0,4.0,4.0,3.5,5.9
SW_F4,"Кнопка F4, тактовая ≤2.4 мм",front,14.5,-50.0,4.0,4.0,3.5,5.9
SW_Fn,"Кнопка Fn, тактовая ≤2.4 мм",front,-8.0,-16.0,4.0,4.0,3.5,5.9
SW_Menu,"Кнопка Меню, тактовая ≤2.4 мм",front,0.0,-16.0,4.0,4.0,3.5,5.9
SW_Back,"Кнопка Назад, тактовая ≤2.4 мм",front,8.0,-16.0,4.0,4.0,3.5,5.9
Screen,Экран 70×51 (модуль),front,0.0,-116.0,70.0,51.0,1.5,5.7
Wheel,Колесо Ø12 (энкодер),edge,-41.3,-116.005,11.996,11.991,4.25,7.75
Power,"Выключатель C&K PCM12, боковой",front,-39.725,-99.65,4.15,6.7,4.5,5.9
SODIMM_Socket,"SO-DIMM 200p угловой, H=4.0",back,0.0,-55.25,76.0,6.5,7.5,12.5
i9_Module,Colorlight i9+ 67.6×30 (PCB),back,0.0,-70.0,67.6,30.0,11.5,12.5
Heat_Spreader,Теплосъём ПЛИС → крышка (+прокладка 0.2),back,0.0,-70.0,23.0,23.0,15.0,19.8
B2B_60p,"Samtec ERF8-030-07.0 (гнездо) / ERM8-030-02.0, 2×30 0.8 мм, стек 9.0",back,1.0,-88.5,31.0,6.6,7.5,16.5
Battery,Li-pol 1S ~9×40×65,back,-1.5,-23.0,65.0,40.0,10.4,17.9
Mezz_Standoff_0,"Стойка мезонина 1: M2.5 SMD, Würth 9774090151",back,-26.0,-88.203,4.996,4.994,7.5,16.5
Mezz_Standoff_1,"Стойка мезонина 2: M2.5 SMD, Würth 9774090151",back,26.0,-88.203,4.996,4.994,7.5,16.5
Header_A,Гребёнка A 2×10 угловая,back,-18.75,-145.75,25.4,8.5,7.5,12.6
Header_B,Гребёнка B 2×10 угловая,back,18.75,-145.75,25.4,8.5,7.5,12.6
Header_PWR,Гребёнка PWR 2×2 угловая,back,0.0,-145.75,5.08,8.5,7.5,12.6
H1,"Крепёжное отверстие M2 (Ø2.2, зона Ø5)",both,-38.2,-8.0,2.2,2.2,,
H2,"Крепёжное отверстие M2 (Ø2.2, зона Ø5)",both,38.2,-18.5,2.2,2.2,,
H3,"Крепёжное отверстие M2 (Ø2.2, зона Ø5)",both,-38.2,-73.0,2.2,2.2,,
H4,"Крепёжное отверстие M2 (Ø2.2, зона Ø5)",both,38.2,-78.0,2.2,2.2,,
H5,"Крепёжное отверстие M2 (Ø2.2, зона Ø5)",both,-38.2,-140.0,2.2,2.2,,
H6,"Крепёжное отверстие M2 (Ø2.2, зона Ø5)",both,38.2,-140.0,2.2,2.2,,
H7,"Стойка мезонина M2.5 SMD, Würth 9774090151 (Ø3.7, стойка Ø5)",both,-26.0,-88.2,3.7,3.7,,
H8,"Стойка мезонина M2.5 SMD, Würth 9774090151 (Ø3.7, стойка Ø5)",both,26.0,-88.2,3.7,3.7,,
