"Ножки ПЛИС: бюджет и раскладка по банкам (v2, предварительно)"
"Источники: распиновка SODIMM i9+ (wuxx), package file XC7A50T-FGG484, DS181, UG471"
Функция,Ножек,Банк (план),Требования,Примечание
Экран RGB565 + PCLK + DE,18,15/35/16 + 14,"Только банк 3,3 В; PCLK/DE на банке 14","16 бит по карте NV3052C; режим DE, HS/VS не нужны"
CS экрана (инициализация по общей SPI),1,14
"Общая медленная SPI: SCK/MOSI/MISO + CS HMCAD, ADS1220, PLL",6,34,,DRDY ADS1220 через DOUT
HDMI TMDS (4 пары),8,14,"TMDS_33, VCCO 3,3 В, DDR 10:1","CLK=L14 (143/145), D0=L19 (127/125), D1=L8 (149/151), D2=L7 (165/167)"
HDMI DDC + HPD,3,14,,Через TPD12S016
"Шина ESP: quad SPI (CLK, CS, D0–D3) + IRQ",7,14,CLK на MRCC/SRCC,"80 МГц, ~40 МБ/с"
FT232H sync FIFO,14,14,"CLKOUT 60 МГц на MRCC (L12P W19, конт. 135)"
Анализатор: данные,20,15/35/16,,Через SN74LXC1T45
Анализатор: прямые DIR (8 быстрых линий),8,15/35/16
Анализатор: сдвиговый регистр DIR (12 линий),3,14,,SER/CLK/LATCH
Звук: PDM 2 + I2S 3 + SD_MODE,6,15/35/16,,MAX98357A
"Вибро TRIG, ключ P2, «лом», ШИМ подсветки",4,34/14
HMCAD1511 LVDS (8 данных + FCLK + LCLK),20,34,"LVDS_25, DIFF_TERM = FALSE, 100 Ом снаружи; LCLK на MRCC/SRCC",На материнке рядом с разъёмом
AD9744: 14 бит + такт,15,34,"VCCO ≥ 2,5 В (единица от 2,1 В)"
XADC I_SENSE (VAUXP/N),2,15,Вход 0–1 В,AD1 (160/168) или AD9 (162/172)
Сервисные линии мезонина,12,остаток 34/14/15,,"CAN, RS-485, ИК, GPIO на сервисных мезонинах"
Итого занято,147
Доступно на разъёме SODIMM,149
Запас,2
Ёмкость банков на разъёме
Банк,Ножек на разъёме,Целых пар,VCCO,Комментарий
34,50,24,"не известно, померить","HMCAD, AD9744, медленная SPI. Нужно ≥ 2,5 В"
14,43,19,"3,3 В (конфиг. флеш)","HDMI, шина ESP, FT232H, управление экраном"
15,26,9,"не известно, померить",XADC AD1/AD9
35,20,5,не известно (Ethernet RGMII),Генератор 25 МГц на K4 внутри модуля
16,10,0,"3,3 В вероятно (SDRAM)"
"В доке wuxx контакты 51 и 53 оба подписаны T4: проверить тестером. JTAG и SPI-флеш модуля не выведены на SODIMM, загрузка через golden-образ + IPROG."
